{
  "project_info": {
    "project_number": "758822139627",
    "firebase_url": "https://hifriend-a27da.firebaseio.com",
    "project_id": "hifriend-a27da",
    "storage_bucket": "hifriend-a27da.appspot.com"
  },
  "client": [
    {
      "client_info": {
        "mobilesdk_app_id": "1:758822139627:android:a7f79130cf2a884b",
        "android_client_info": {
          "package_name": "com.example.hifriend"
        }
      },
      "oauth_client": [
        {
          "client_id": "758822139627-q1anm0tkqk6jcorghbce4chmatd893er.apps.googleusercontent.com",
          "client_type": 1,
          "android_info": {
            "package_name": "com.example.hifriend",
            "certificate_hash": "c5a40101a5ca10b26e0eb1defc55cfc6448f3755"
          }
        },
        {
          "client_id": "758822139627-hmslkoj5en4j2lbvs2caldp51uod8qig.apps.googleusercontent.com",
          "client_type": 3
        }
      ],
      "api_key": [
        {
          "current_key": "AIzaSyCEzsnrndulNjwzMwljTiEl1x0eZ1eTgy0"
        }
      ],
      "services": {
        "appinvite_service": {
          "other_platform_oauth_client": [
            {
              "client_id": "758822139627-hmslkoj5en4j2lbvs2caldp51uod8qig.apps.googleusercontent.com",
              "client_type": 3
            }
          ]
        }
      }
    }
  ],
  "configuration_version": "1"
}